Rk,Player,Pos,Squad,Age,Club,Born,MP,Starts,Min,90s,Gls,Ast,G+A,G-PK,PK,PKatt,CrdY,CrdR,Gls.1,Ast.1,G+A.1,G-PK.1,G+A-PK,Matches,-9999,Starts_playing,Subs,GA90,UsageGroup
565,Juan Manuel Sanabria,DF,uy Uruguay,26,1.mx Atlético San Luis,2000,3,2,204,2.3,0,0,0,0,0,0,1,0,0.0,0.0,0.0,0.0,0.0,Matches,f1d74479,2,1,0.0,Starter-dominant
154,Brian Brobbey,FW,nl Netherlands,24,1.eng Sunderland,2002,4,3,223,2.5,3,0,3,3,0,0,0,0,1.21,0.0,1.21,1.21,1.21,Matches,4c184730,3,1,1.2,Starter-dominant
86,Rustam Ashurmatov,DF,uz Uzbekistan,29,1.ir Esteghlal,1996,3,3,256,2.8,0,0,0,0,0,0,0,0,0.0,0.0,0.0,0.0,0.0,Matches,a0ecd397,3,0,0.0,Starter-dominant
521,Richie Laryea,DF,ca Canada,31,1.us Toronto FC,1995,5,5,429,4.8,0,0,0,0,0,0,1,0,0.0,0.0,0.0,0.0,0.0,Matches,276fdbe4,5,0,0.0,Starter-dominant
890,Josip Stanišić,DFMF,hr Croatia,26,1.de Bayern Munich,2000,4,4,360,4.0,0,1,1,0,0,0,0,0,0.0,0.25,0.25,0.0,0.25,Matches,7ed08d5c,4,0,0.25,Starter-dominant
913,Alexander Sørloth,FW,no Norway,30,1.es Atlético Madrid,1995,5,5,337,3.7,0,0,0,0,0,0,0,0,0.0,0.0,0.0,0.0,0.0,Matches,e92cd3f7,5,0,0.0,Starter-dominant
611,Gideon Mensah,DF,gh Ghana,27,1.fr Auxerre,1998,4,4,360,4.0,0,0,0,0,0,0,0,0,0.0,0.0,0.0,0.0,0.0,Matches,9bdd8118,4,0,0.0,Starter-dominant
647,Daniel Muñoz,DF,co Colombia,30,1.eng Crystal Palace,1996,5,4,394,4.4,2,0,2,2,0,0,0,0,0.46,0.0,0.46,0.46,0.46,Matches,778ef829,4,1,0.45454545454545453,Starter-dominant
698,Jerome Opoku,DF,gh Ghana,27,1.tr Başakşehir,1998,3,3,270,3.0,0,0,0,0,0,0,0,0,0.0,0.0,0.0,0.0,0.0,Matches,091d6ee5,3,0,0.0,Starter-dominant
151,Michael Boxall,DF,nz New Zealand,37,1.us Minnesota Utd,1988,3,2,207,2.3,0,0,0,0,0,0,0,0,0.0,0.0,0.0,0.0,0.0,Matches,6bfa0d3a,2,1,0.0,Starter-dominant
362,Idrissa Gueye,MF,sn Senegal,36,1.eng Everton,1989,4,4,361,4.0,0,0,0,0,0,0,0,0,0.0,0.0,0.0,0.0,0.0,Matches,72c812f3,4,0,0.0,Starter-dominant
404,Torbjørn Heggem,DF,no Norway,27,1.it Bologna,1999,5,5,443,4.9,0,0,0,0,0,0,0,0,0.0,0.0,0.0,0.0,0.0,Matches,834fea76,5,0,0.0,Starter-dominant
487,Bilal El Khannouss,MFFW,ma Morocco,22,1.de Stuttgart,2004,6,6,461,5.1,0,0,0,0,0,0,1,0,0.0,0.0,0.0,0.0,0.0,Matches,f7042636,6,0,0.0,Starter-dominant
854,Marvin Senaya,DF,gh Ghana,25,1.fr Auxerre,2001,4,4,278,3.1,0,0,0,0,0,0,0,0,0.0,0.0,0.0,0.0,0.0,Matches,1d383c10,4,0,0.0,Starter-dominant
136,Alexander Bernhardsson,MF,se Sweden,27,2.de Holstein Kiel,1998,3,3,217,2.4,0,0,0,0,0,0,0,0,0.0,0.0,0.0,0.0,0.0,Matches,dea1d183,3,0,0.0,Starter-dominant
227,Jonathan David,FW,ca Canada,26,1.it Juventus,2000,5,5,420,4.7,3,0,3,3,0,0,1,0,0.64,0.0,0.64,0.64,0.64,Matches,ce50fd99,5,0,0.6382978723404255,Starter-dominant
522,Mohanad Lasheen,MF,eg Egypt,30,,1996,4,4,359,4.0,0,0,0,0,0,0,2,0,0.0,0.0,0.0,0.0,0.0,Matches,8c041c7d,4,0,0.0,Starter-dominant
1019,Caleb Yirenkyi,MF,gh Ghana,20,1.dk Nordsjælland,2006,4,3,264,2.9,1,0,1,1,0,0,2,0,0.34,0.0,0.34,0.34,0.34,Matches,d40ce7b0,3,1,0.3448275862068966,Starter-dominant
742,Pedro Porro,DF,es Spain,26,1.eng Tottenham,1999,6,6,563,6.3,2,0,2,2,0,0,0,0,0.32,0.0,0.32,0.32,0.32,Matches,27d0a506,6,0,0.31746031746031744,Starter-dominant
195,Tahith Chong,MF,cw Curaçao,26,2.eng Sheffield United,1999,3,3,247,2.7,0,0,0,0,0,0,0,0,0.0,0.0,0.0,0.0,0.0,Matches,2696b6a9,3,0,0.0,Starter-dominant
159,Firas Al-Buraikan,FW,sa Saudi Arabia,26,1.sa Al-Ahli,2000,3,3,238,2.6,0,0,0,0,0,0,1,0,0.0,0.0,0.0,0.0,0.0,Matches,ac717a23,3,0,0.0,Starter-dominant
270,Guéla Doué,DF,ci Côte d'Ivoire,23,1.fr Strasbourg,2002,4,3,277,3.1,0,0,0,0,0,0,1,0,0.0,0.0,0.0,0.0,0.0,Matches,b4ef3fb5,3,1,0.0,Starter-dominant
461,Edmilson Junior,MFFW,qa Qatar,31,1.qa Al Duhail SC,1994,3,3,210,2.3,0,1,1,0,0,0,0,0,0.0,0.43,0.43,0.0,0.43,Matches,620764f4,3,0,0.4347826086956522,Starter-dominant
914,Musa Al-Taamari,FW,jo Jordan,29,1.fr Rennes,1997,3,2,215,2.4,1,1,2,1,0,0,0,0,0.42,0.42,0.84,0.42,0.84,Matches,f15f8b2b,2,1,0.8333333333333334,Starter-dominant
257,Luis Díaz,FWMF,co Colombia,29,1.de Bayern Munich,1997,5,5,478,5.3,1,1,2,1,0,0,0,0,0.19,0.19,0.38,0.19,0.38,Matches,4a1a9578,5,0,0.37735849056603776,Starter-dominant
709,Willian Pacho,DF,ec Ecuador,24,1.fr PSG,2001,4,4,360,4.0,0,0,0,0,0,0,0,0,0.0,0.0,0.0,0.0,0.0,Matches,ecbe2839,4,0,0.0,Starter-dominant
485,Shoja' Khalilzadeh,DF,ir IR Iran,37,1.ir Tractor,1989,3,3,270,3.0,0,0,0,0,0,0,1,0,0.0,0.0,0.0,0.0,0.0,Matches,0aed29f1,3,0,0.0,Starter-dominant
164,Jovane Cabral,FW,cv Cabo Verde,28,1.pt Estrela,1998,2,2,139,1.5,0,0,0,0,0,0,0,0,0.0,0.0,0.0,0.0,0.0,Matches,e34e086c,2,0,0.0,Starter-dominant
474,Lee Kang-in,FW,kr Korea Republic,25,1.fr PSG,2001,3,3,270,3.0,0,1,1,0,0,0,1,0,0.0,0.33,0.33,0.0,0.33,Matches,8455ad90,3,0,0.3333333333333333,Starter-dominant
819,Mohamed Salah,FWMF,eg Egypt,33,1.eng Liverpool,1992,5,5,425,4.7,1,2,3,1,0,0,0,0,0.21,0.42,0.64,0.21,0.64,Matches,e342ad68,5,0,0.6382978723404255,Starter-dominant
530,Erik Lira,MF,mx Mexico,26,1.mx Cruz Azul,2000,4,4,345,3.8,0,1,1,0,0,0,0,0,0.0,0.26,0.26,0.0,0.26,Matches,7b2c24ed,4,0,0.2631578947368421,Starter-dominant
358,Gabriel Gudmundsson,MFDF,se Sweden,27,1.eng Leeds United,1999,4,4,330,3.7,0,0,0,0,0,0,1,0,0.0,0.0,0.0,0.0,0.0,Matches,d5d22a58,4,0,0.0,Starter-dominant
575,Lautaro Martínez,FW,ar Argentina,28,1.it Inter,1997,7,4,310,3.4,3,1,4,2,1,1,1,0,0.87,0.29,1.16,0.58,0.87,Matches,f7036e1c,4,3,1.1764705882352942,Starter-dominant
717,Nathan Patterson,DF,sct Scotland,24,1.eng Everton,2001,3,2,185,2.1,0,0,0,0,0,0,0,0,0.0,0.0,0.0,0.0,0.0,Matches,230f0471,2,1,0.0,Starter-dominant
817,Ismael Saibari,FW,ma Morocco,25,1.nl PSV,2001,5,5,381,4.2,3,0,3,3,0,0,0,0,0.71,0.0,0.71,0.71,0.71,Matches,3ec9f005,5,0,0.7142857142857143,Starter-dominant
1038,Martin Ødegaard,MF,no Norway,27,1.eng Arsenal,1998,5,5,470,5.2,0,4,4,0,0,0,0,0,0.0,0.77,0.77,0.0,0.77,Matches,79300479,5,0,0.7692307692307692,Starter-dominant
400,Kai Havertz,FW,de Germany,27,1.eng Arsenal,1999,4,4,353,3.9,3,0,3,2,1,1,1,0,0.76,0.0,0.76,0.51,0.51,Matches,fed7cb61,4,0,0.7692307692307693,Starter-dominant
1011,Granit Xhaka,MF,ch Switzerland,33,1.eng Sunderland,1992,6,6,600,6.7,1,0,1,0,1,1,2,0,0.15,0.0,0.15,0.0,0.0,Matches,e61b8aee,6,0,0.14925373134328357,Starter-dominant
593,Callum McCowatt,MF,nz New Zealand,27,1.dk Silkeborg,1999,3,2,159,1.8,0,0,0,0,0,0,1,0,0.0,0.0,0.0,0.0,0.0,Matches,3fc42049,2,1,0.0,Starter-dominant
432,Nestory Irankunda,FWMF,au Australia,20,2.eng Watford,2006,4,3,261,2.9,1,0,1,1,0,0,0,0,0.34,0.0,0.34,0.34,0.34,Matches,4ac730b2,3,1,0.3448275862068966,Starter-dominant
825,Davinson Sánchez,DF,co Colombia,30,1.tr Galatasaray,1996,5,5,480,5.3,0,0,0,0,0,0,1,0,0.0,0.0,0.0,0.0,0.0,Matches,da7b447d,5,0,0.0,Starter-dominant
212,Vladimír Coufal,MFDF,cz Czechia,33,1.de Hoffenheim,1992,3,3,270,3.0,0,1,1,0,0,0,0,0,0.0,0.33,0.33,0.0,0.33,Matches,fdf3cb77,3,0,0.3333333333333333,Starter-dominant
591,Mbekezeli Mbokazi,DF,za South Africa,20,1.us Chicago Fire,2005,4,4,360,4.0,0,0,0,0,0,0,0,0,0.0,0.0,0.0,0.0,0.0,Matches,13398d42,4,0,0.0,Starter-dominant
570,Marquinhos,DF,br Brazil,32,1.fr PSG,1994,5,5,450,5.0,0,0,0,0,0,0,0,0,0.0,0.0,0.0,0.0,0.0,Matches,d5f2f82b,5,0,0.0,Starter-dominant
659,Dan Ndoye,MFFW,ch Switzerland,25,1.eng Nottingham,2000,6,5,406,4.5,2,0,2,2,0,0,0,0,0.44,0.0,0.44,0.44,0.44,Matches,8e697a8f,5,1,0.4444444444444444,Starter-dominant
882,Alexandr Sojka,MFDF,cz Czechia,23,1.cz Viktoria Plzeň,2003,3,2,141,1.6,0,1,1,0,0,0,0,0,0.0,0.64,0.64,0.0,0.64,Matches,765b7bfc,2,1,0.625,Starter-dominant
138,César Blackman,MFDF,pa Panama,28,1.sk Slovan Bratislava,1998,2,2,178,2.0,0,0,0,0,0,0,1,0,0.0,0.0,0.0,0.0,0.0,Matches,c2b11050,2,0,0.0,Starter-dominant
694,Tani Oluwaseyi,FW,ca Canada,26,1.es Villarreal,2000,5,3,259,2.9,0,0,0,0,0,0,0,0,0.0,0.0,0.0,0.0,0.0,Matches,950ef017,3,2,0.0,Starter-dominant
265,Ritsu Doan,MF,jp Japan,27,1.de Frankfurt,1998,4,4,278,3.1,0,1,1,0,0,0,0,0,0.0,0.32,0.32,0.0,0.32,Matches,d01bbb6f,4,0,0.3225806451612903,Starter-dominant
251,Habib Diarra,MF,sn Senegal,22,1.eng Sunderland,2004,3,2,143,1.6,2,0,2,2,0,0,0,0,1.26,0.0,1.26,1.26,1.26,Matches,6d0fe035,2,1,1.25,Starter-dominant
220,Matheus Cunha,FW,br Brazil,27,1.eng Manchester Utd,1999,5,4,290,3.2,3,0,3,3,0,0,0,0,0.93,0.0,0.93,0.93,0.93,Matches,dc62b55d,4,1,0.9375,Starter-dominant
648,Petar Musa,FW,hr Croatia,28,1.us FC Dallas,1998,2,2,110,1.2,1,0,1,1,0,0,0,0,0.82,0.0,0.82,0.82,0.82,Matches,4567a0b4,2,0,0.8333333333333334,Starter-dominant
305,João Félix,MF,pt Portugal,26,1.sa Al-Nassr,1999,3,3,201,2.2,0,0,0,0,0,0,0,0,0.0,0.0,0.0,0.0,0.0,Matches,8aafd64f,3,0,0.0,Starter-dominant
799,Cristian Romero,DF,ar Argentina,28,1.eng Tottenham,1998,7,7,608,6.8,1,0,1,1,0,0,2,0,0.15,0.0,0.15,0.15,0.15,Matches,a3d94a58,7,0,0.14705882352941177,Starter-dominant
552,Gabriel Magalhães,DF,br Brazil,28,1.eng Arsenal,1997,5,5,450,5.0,0,1,1,0,0,0,0,0,0.0,0.2,0.2,0.0,0.2,Matches,67ac5bb8,5,0,0.2,Starter-dominant
366,Arda Güler,MF,tr Türkiye,21,1.es Real Madrid,2005,3,3,270,3.0,1,0,1,1,0,0,0,0,0.33,0.0,0.33,0.33,0.33,Matches,3741ca58,3,0,0.3333333333333333,Starter-dominant
535,Jürgen Locadia,FW,cw Curaçao,32,2.us Miami FC,1993,3,3,235,2.6,0,0,0,0,0,0,0,0,0.0,0.0,0.0,0.0,0.0,Matches,6cc47ae1,3,0,0.0,Starter-dominant
412,Son Heung-min,FW,kr Korea Republic,33,1.us LAFC,1992,3,2,169,1.9,0,0,0,0,0,0,0,0,0.0,0.0,0.0,0.0,0.0,Matches,92e7e919,2,1,0.0,Starter-dominant
384,Ali Al Hamadi,FW,iq Iraq,24,2.eng Ipswich Town,2002,3,2,180,2.0,0,0,0,0,0,0,0,0,0.0,0.0,0.0,0.0,0.0,Matches,8450467d,2,1,0.0,Starter-dominant
158,Ante Budimir,FW,hr Croatia,34,1.es Osasuna,1991,3,2,155,1.7,1,0,1,1,0,0,0,0,0.58,0.0,0.58,0.58,0.58,Matches,8f3565b3,2,1,0.5882352941176471,Starter-dominant
372,Viktor Gyökeres,FW,se Sweden,28,1.eng Arsenal,1998,4,4,360,4.0,1,2,3,1,0,0,1,0,0.25,0.5,0.75,0.25,0.75,Matches,4d5a9185,4,0,0.75,Starter-dominant
756,Ramy Rabia,DF,eg Egypt,33,1.ae Al Ain,1993,5,3,372,4.1,0,0,0,0,0,0,0,0,0.0,0.0,0.0,0.0,0.0,Matches,e32afa36,3,2,0.0,Starter-dominant
746,Ruben Providence,MF,ht Haiti,24,2.nl Almere City,2001,3,3,220,2.4,0,0,0,0,0,0,0,0,0.0,0.0,0.0,0.0,0.0,Matches,26bab383,3,0,0.0,Starter-dominant
320,Remo Freuler,MF,ch Switzerland,34,1.it Bologna,1992,6,6,592,6.6,0,0,0,0,0,0,0,0,0.0,0.0,0.0,0.0,0.0,Matches,98d2c2c4,6,0,0.0,Starter-dominant
202,Pathé Ciss,DF,sn Senegal,32,1.es Rayo Vallecano,1994,4,1,184,2.0,0,0,0,0,0,0,0,0,0.0,0.0,0.0,0.0,0.0,Matches,9a0408b6,1,3,0.0,Substitute-dominant
900,Yukinari Sugawara,MF,jp Japan,25,1.de Werder Bremen,2000,4,1,148,1.6,0,0,0,0,0,0,0,0,0.0,0.0,0.0,0.0,0.0,Matches,580bcd18,1,3,0.0,Substitute-dominant
501,Teun Koopmeiners,DFMF,nl Netherlands,28,1.it Juventus,1998,4,0,122,1.4,0,0,0,0,0,0,0,0,0.0,0.0,0.0,0.0,0.0,Matches,a26fb8aa,0,4,0.0,Substitute-dominant
193,Rayan Cherki,MF,fr France,22,1.eng Manchester City,2003,7,1,130,1.4,0,0,0,0,0,0,0,0,0.0,0.0,0.0,0.0,0.0,Matches,b34c63a5,1,6,0.0,Substitute-dominant
725,Ricardo Pepi,FW,us USA,23,1.nl PSV,2003,5,2,204,2.3,0,0,0,0,0,0,0,0,0.0,0.0,0.0,0.0,0.0,Matches,a2b1ed42,2,3,0.0,Substitute-dominant
524,Rafael Leão,MF,pt Portugal,27,1.it Milan,1999,5,1,158,1.8,1,1,2,1,0,0,0,0,0.57,0.57,1.14,0.57,1.14,Matches,20730eae,1,4,1.1111111111111112,Substitute-dominant
348,Nicolás González,MF,ar Argentina,28,1.es Atlético Madrid,1998,7,1,259,2.9,0,1,1,0,0,0,0,0,0.0,0.35,0.35,0.0,0.35,Matches,2374aaca,1,6,0.3448275862068966,Substitute-dominant
295,José Fajardo,FW,pa Panama,32,1.ec Univ Católica,1993,3,1,155,1.7,0,0,0,0,0,0,1,0,0.0,0.0,0.0,0.0,0.0,Matches,682e47b3,1,2,0.0,Substitute-dominant
356,Florian Grillitsch,DFMF,at Austria,30,1.pt Braga,1995,2,0,90,1.0,0,0,0,0,0,0,0,0,0.0,0.0,0.0,0.0,0.0,Matches,ffbbc83b,0,2,0.0,Substitute-dominant
1039,Leo Østigård,DF,no Norway,26,1.it Genoa,1999,5,1,146,1.6,1,0,1,1,0,0,0,0,0.62,0.0,0.62,0.62,0.62,Matches,b35a7399,1,4,0.625,Substitute-dominant
818,Bukayo Saka,MF,eng England,24,1.eng Arsenal,2001,7,3,358,4.0,3,3,6,2,1,1,0,0,0.75,0.75,1.51,0.5,1.26,Matches,bc7dc64d,3,4,1.5,Substitute-dominant
794,Kevin Rodríguez,FW,ec Ecuador,26,1.be Union SG,2000,4,0,118,1.3,0,1,1,0,0,0,0,0,0.0,0.76,0.76,0.0,0.76,Matches,189fb038,0,4,0.7692307692307692,Substitute-dominant
701,Nicolás Otamendi,DF,ar Argentina,38,1.pt Benfica,1988,7,1,247,2.7,0,0,0,0,0,0,0,0,0.0,0.0,0.0,0.0,0.0,Matches,0d267745,1,6,0.0,Substitute-dominant
945,Ferran Torres,FW,es Spain,26,1.es Barcelona,2000,8,1,288,3.2,1,1,2,1,0,0,1,0,0.31,0.31,0.62,0.31,0.62,Matches,9e1035f8,1,7,0.625,Substitute-dominant
839,Andreas Schjelderup,FW,no Norway,22,1.pt Benfica,2004,6,2,252,2.8,1,3,4,1,0,0,0,0,0.36,1.07,1.43,0.36,1.43,Matches,a427724f,2,4,1.4285714285714286,Substitute-dominant
921,Chemsdine Talbi,MF,ma Morocco,21,1.eng Sunderland,2005,5,1,179,2.0,0,1,1,0,0,0,0,0,0.0,0.5,0.5,0.0,0.5,Matches,47ce793b,1,4,0.5,Substitute-dominant
301,Ahmed Fathy,MF,qa Qatar,33,1.qa Al-Arabi,1993,3,1,150,1.7,0,0,0,0,0,0,2,0,0.0,0.0,0.0,0.0,0.0,Matches,f2369793,1,2,0.0,Substitute-dominant
798,Morgan Rogers,MF,eng England,23,1.eng Aston Villa,2002,7,3,339,3.8,0,1,1,0,0,0,0,0,0.0,0.27,0.27,0.0,0.27,Matches,2e5915f1,3,4,0.2631578947368421,Substitute-dominant
873,Bernardo Silva,MF,pt Portugal,31,1.eng Manchester City,1994,4,1,97,1.1,0,0,0,0,0,0,2,0,0.0,0.0,0.0,0.0,0.0,Matches,3eb22ec9,1,3,0.0,Substitute-dominant
285,Endrick,FW,br Brazil,19,1.fr Lyon,2006,4,0,114,1.3,0,0,0,0,0,0,0,0,0.0,0.0,0.0,0.0,0.0,Matches,a2728fbf,0,4,0.0,Substitute-dominant
210,Nuno da Costa,FW,cv Cabo Verde,35,1.tr Başakşehir,1991,4,1,159,1.8,0,0,0,0,0,0,0,0,0.0,0.0,0.0,0.0,0.0,Matches,909222de,1,3,0.0,Substitute-dominant
851,Nélson Semedo,DFMF,pt Portugal,32,1.tr Fenerbahçe,1993,4,0,127,1.4,0,0,0,0,0,0,1,0,0.0,0.0,0.0,0.0,0.0,Matches,d04b94db,0,4,0.0,Substitute-dominant
205,Francisco Conceição,MF,pt Portugal,23,1.it Juventus,2002,4,0,126,1.4,0,0,0,0,0,0,0,0,0.0,0.0,0.0,0.0,0.0,Matches,5ef3d210,0,4,0.0,Substitute-dominant
658,Iliman Ndiaye,FW,sn Senegal,26,1.eng Everton,2000,3,1,114,1.3,1,2,3,1,0,0,0,0,0.79,1.58,2.37,0.79,2.37,Matches,5ed97752,1,2,2.3076923076923075,Substitute-dominant
631,Gonzalo Montiel,DF,ar Argentina,29,1.ar River Plate,1997,6,2,192,2.1,0,1,1,0,0,0,1,0,0.0,0.47,0.47,0.0,0.47,Matches,374d5158,2,4,0.47619047619047616,Substitute-dominant
350,Leon Goretzka,MF,de Germany,31,1.de Bayern Munich,1995,3,0,99,1.1,0,0,0,0,0,0,0,0,0.0,0.0,0.0,0.0,0.0,Matches,cc86b9a3,0,3,0.0,Substitute-dominant
1000,Silvan Widmer,DF,ch Switzerland,33,1.de Mainz 05,1993,5,1,175,1.9,0,0,0,0,0,0,0,0,0.0,0.0,0.0,0.0,0.0,Matches,f68b64fc,1,4,0.0,Substitute-dominant
140,Oscar Bobb,FW,no Norway,22,1.eng Fulham,2003,6,1,225,2.5,0,0,0,0,0,0,0,0,0.0,0.0,0.0,0.0,0.0,Matches,eed2427e,1,5,0.0,Substitute-dominant
241,Louicius Deedson,MF,ht Haiti,25,1.us FC Dallas,2001,3,1,112,1.2,0,0,0,0,0,0,0,0,0.0,0.0,0.0,0.0,0.0,Matches,f7059bb1,1,2,0.0,Substitute-dominant
690,Ben Old,MF,nz New Zealand,23,2.fr Saint-Étienne,2002,3,0,93,1.0,0,0,0,0,0,0,0,0,0.0,0.0,0.0,0.0,0.0,Matches,e14e818c,0,3,0.0,Substitute-dominant
950,Trézéguet,MF,eg Egypt,31,1.eg Al Ahly,1994,4,1,164,1.8,1,1,2,1,0,0,0,0,0.55,0.55,1.1,0.55,1.1,Matches,3ae14ed1,1,3,1.1111111111111112,Substitute-dominant
589,Ibrahim Mbaye,MF,sn Senegal,18,1.fr PSG,2008,4,1,157,1.7,1,0,1,1,0,0,0,0,0.57,0.0,0.57,0.57,0.57,Matches,201b4ee4,1,3,0.5882352941176471,Substitute-dominant
646,Mert Müldür,DF,tr Türkiye,27,1.tr Fenerbahçe,1999,3,1,101,1.1,0,0,0,0,0,0,0,0,0.0,0.0,0.0,0.0,0.0,Matches,1295552e,1,2,0.0,Substitute-dominant
722,Marcus Pedersen,DF,no Norway,25,1.it Torino,2000,4,1,236,2.6,1,0,1,1,0,0,0,0,0.38,0.0,0.38,0.38,0.38,Matches,596cc50e,1,3,0.3846153846153846,Substitute-dominant
852,Willy Semedo,FW,cv Cabo Verde,32,1.cy AC Omonia,1994,3,1,131,1.5,0,0,0,0,0,0,0,0,0.0,0.0,0.0,0.0,0.0,Matches,d1edc98f,1,2,0.0,Substitute-dominant
567,Mahmoud Al-Mardi,MF,jo Jordan,32,1.jo Al-Hussein SC,1993,3,1,130,1.4,0,0,0,0,0,0,0,0,0.0,0.0,0.0,0.0,0.0,Matches,1eedc1ea,1,2,0.0,Substitute-dominant
543,Dodi Lukebakio,MF,be Belgium,28,1.pt Benfica,1997,3,1,164,1.8,0,0,0,0,0,0,0,0,0.0,0.0,0.0,0.0,0.0,Matches,0c61c77c,1,2,0.0,Substitute-dominant
310,Álvaro Fidalgo,MF,mx Mexico,29,1.es Real Betis,1997,3,1,96,1.1,1,0,1,1,0,0,0,0,0.94,0.0,0.94,0.94,0.94,Matches,c705cdc4,1,2,0.9090909090909091,Substitute-dominant
368,Malo Gusto,DF,fr France,23,1.eng Chelsea,2003,5,1,121,1.3,0,0,0,0,0,0,0,0,0.0,0.0,0.0,0.0,0.0,Matches,d56b9520,1,4,0.0,Substitute-dominant
991,Elye Wahi,FW,ci Côte d'Ivoire,23,1.fr Nice,2003,3,1,110,1.2,0,0,0,0,0,0,0,0,0.0,0.0,0.0,0.0,0.0,Matches,0d7b6576,1,2,0.0,Substitute-dominant
580,Igor Matanović,FW,hr Croatia,23,1.de Freiburg,2003,3,0,95,1.1,0,0,0,0,0,0,0,0,0.0,0.0,0.0,0.0,0.0,Matches,948e1292,0,3,0.0,Substitute-dominant
862,Mohammed Abu Al-Shamat,MF,sa Saudi Arabia,23,1.sa Al-Qadsiah,2002,3,1,136,1.5,0,0,0,0,0,0,0,0,0.0,0.0,0.0,0.0,0.0,Matches,dd65e243,1,2,0.0,Substitute-dominant
571,Gabriel Martinelli,MF,br Brazil,24,1.eng Arsenal,2001,4,1,143,1.6,1,0,1,1,0,0,0,0,0.63,0.0,0.63,0.63,0.63,Matches,48a5a5d6,1,3,0.625,Substitute-dominant
135,Sebastian Berhalter,MF,us USA,25,1.us Vancouver,2001,5,1,187,2.1,1,1,2,1,0,0,1,0,0.48,0.48,0.96,0.48,0.96,Matches,f33ee427,1,4,0.9523809523809523,Substitute-dominant
755,Juan Quintero,FWMF,co Colombia,33,1.ar River Plate,1993,4,0,121,1.3,0,1,1,0,0,0,0,0,0.0,0.74,0.74,0.0,0.74,Matches,540d0b37,0,4,0.7692307692307692,Substitute-dominant
63,Sofyan Amrabat,MF,ma Morocco,29,1.es Real Betis,1996,3,1,147,1.6,0,0,0,0,0,0,0,0,0.0,0.0,0.0,0.0,0.0,Matches,5a2cb25d,1,2,0.0,Substitute-dominant
598,Kenny McLean,MF,sct Scotland,34,2.eng Norwich City,1992,3,1,118,1.3,0,0,0,0,0,0,1,0,0.0,0.0,0.0,0.0,0.0,Matches,471f16b3,1,2,0.0,Substitute-dominant
1002,Nico Williams,MF,es Spain,23,1.es Athletic Club,2002,6,0,113,1.3,0,1,1,0,0,0,0,0,0.0,0.8,0.8,0.0,0.8,Matches,afdc14d7,0,6,0.7692307692307692,Substitute-dominant
778,Gio Reyna,MF,us USA,23,1.de Gladbach,2002,5,1,131,1.5,1,0,1,1,0,0,0,0,0.69,0.0,0.69,0.69,0.69,Matches,7fa4e703,1,4,0.6666666666666666,Substitute-dominant
515,Ali Lajami,DF,sa Saudi Arabia,30,1.sa Al-Hilal,1996,3,1,149,1.7,0,0,0,0,0,0,0,0,0.0,0.0,0.0,0.0,0.0,Matches,46f7ab4f,1,2,0.0,Substitute-dominant
612,Mikel Merino,MF,es Spain,29,1.eng Arsenal,1996,8,1,199,2.2,2,0,2,2,0,0,0,0,0.9,0.0,0.9,0.9,0.9,Matches,d080ed5e,1,7,0.9090909090909091,Substitute-dominant
872,Niko Sigur,MF,ca Canada,22,1.hr Hajduk Split,2003,3,1,126,1.4,0,0,0,0,0,0,1,0,0.0,0.0,0.0,0.0,0.0,Matches,5c56986b,1,2,0.0,Substitute-dominant
977,Gustavo Velásquez,DF,py Paraguay,35,1.py Cerro Porteño,1991,5,2,246,2.7,0,0,0,0,0,0,0,0,0.0,0.0,0.0,0.0,0.0,Matches,b99b4cf5,2,3,0.0,Substitute-dominant
293,Eberechi Eze,MF,eng England,27,1.eng Arsenal,1998,5,1,211,2.3,0,1,1,0,0,0,0,0,0.0,0.43,0.43,0.0,0.43,Matches,ae4fc6a4,1,4,0.4347826086956522,Substitute-dominant
715,Marco Pašalić,MF,hr Croatia,25,1.us Orlando City,2000,3,1,99,1.1,0,0,0,0,0,0,0,0,0.0,0.0,0.0,0.0,0.0,Matches,1866b0f1,1,2,0.0,Substitute-dominant
747,Lukáš Provod,FW,cz Czechia,29,1.cz Slavia Prague,1996,3,1,122,1.4,0,0,0,0,0,0,0,0,0.0,0.0,0.0,0.0,0.0,Matches,8f21b7bd,1,2,0.0,Substitute-dominant
197,Ryan Christie,MF,sct Scotland,31,1.eng Bournemouth,1995,3,1,95,1.1,0,0,0,0,0,0,1,0,0.0,0.0,0.0,0.0,0.0,Matches,26ce2263,1,2,0.0,Substitute-dominant
300,Abdul Fatawu Issahaku,FWMF,gh Ghana,22,2.eng Leicester City,2004,4,0,132,1.5,0,0,0,0,0,0,1,0,0.0,0.0,0.0,0.0,0.0,Matches,bceda5ff,0,4,0.0,Substitute-dominant
861,Jacob Shaffelburg,MF,ca Canada,26,1.us LAFC,1999,5,0,92,1.0,0,0,0,0,0,0,0,0,0.0,0.0,0.0,0.0,0.0,Matches,339a2561,0,5,0.0,Substitute-dominant
958,Deniz Undav,FW,de Germany,29,1.de Stuttgart,1996,4,1,151,1.7,3,2,5,3,0,0,0,0,1.79,1.19,2.98,1.79,2.98,Matches,dd549382,1,3,2.9411764705882355,Substitute-dominant
137,Tyler Bindon,DF,nz New Zealand,21,2.eng Sheffield United,2005,3,1,97,1.1,0,0,0,0,0,0,0,0,0.0,0.0,0.0,0.0,0.0,Matches,3575e5eb,1,2,0.0,Substitute-dominant
376,Anis Hadj Moussa,MF,dz Algeria,24,1.nl Feyenoord,2002,3,1,98,1.1,0,0,0,0,0,0,0,0,0.0,0.0,0.0,0.0,0.0,Matches,7bc7eef2,1,2,0.0,Substitute-dominant
583,Mauricio,MF,py Paraguay,25,1.br Palmeiras,2001,4,0,173,1.9,1,0,1,1,0,0,0,0,0.52,0.0,0.52,0.52,0.52,Matches,bf4cbc22,0,4,0.5263157894736842,Substitute-dominant
716,Mario Pašalić,MF,hr Croatia,31,1.it Atalanta,1995,4,1,123,1.4,0,0,0,0,0,0,0,0,0.0,0.0,0.0,0.0,0.0,Matches,e599253a,1,3,0.0,Substitute-dominant
