Player,Squad,90s,CrdY,CrdR,Int,TklW,Pos,Min,DefensiveActions,DefensiveActions90,TotalCards,CardRate90,DefensivePressureGroup
Odilon Kossounou,ci Côte d'Ivoire,3.0,0,0,3,3,DF,272,6,2.0,0,0.0,Higher defensive activity
Giuliano Simeone,ar Argentina,2.1,0,0,1,3,FW,192,4,1.9047619047619047,0,0.0,Higher defensive activity
Lee Jae-sung,kr Korea Republic,1.3,0,0,2,3,FW,117,5,3.846153846153846,0,0.0,Higher defensive activity
Nicolás Otamendi,ar Argentina,2.7,0,0,6,2,DF,247,8,2.962962962962963,0,0.0,Higher defensive activity
Ricardo Adé,ht Haiti,3.0,0,0,5,2,DF,270,7,2.3333333333333335,0,0.0,Higher defensive activity
Assim Madibo,qa Qatar,1.5,0,1,4,1,MF,131,5,3.3333333333333335,1,0.6666666666666666,Higher defensive activity
Deveron Fonville,cw Curaçao,2.7,0,0,5,3,DF,241,8,2.962962962962963,0,0.0,Higher defensive activity
Rodrigo De Paul,ar Argentina,5.5,1,0,6,4,MF,491,10,1.8181818181818181,1,0.18181818181818182,Higher defensive activity
Gonzalo Montiel,ar Argentina,2.1,1,0,3,3,DF,192,6,2.857142857142857,1,0.47619047619047616,Higher defensive activity
Luc De Fougerolles,ca Canada,4.1,2,0,2,6,DF,372,8,1.9512195121951221,2,0.48780487804878053,Higher defensive activity
Sherel Floranus,cw Curaçao,3.0,0,0,4,6,DF,270,10,3.3333333333333335,0,0.0,Higher defensive activity
Ricardo Rodríguez,ch Switzerland,5.7,0,0,4,7,DF,517,11,1.9298245614035088,0,0.0,Higher defensive activity
Lukáš Provod,cz Czechia,1.4,0,0,1,3,FW,122,4,2.857142857142857,0,0.0,Higher defensive activity
Pedri,es Spain,5.5,1,0,10,8,MF,499,18,3.272727272727273,1,0.18181818181818182,Higher defensive activity
Aïssa Mandi,dz Algeria,4.0,0,0,4,3,DF,360,7,1.75,0,0.0,Higher defensive activity
Lucas Paquetá,br Brazil,2.6,0,0,5,4,MF,233,9,3.4615384615384612,0,0.0,Higher defensive activity
Stephen Eustáquio,ca Canada,4.4,0,0,3,5,MF,392,8,1.8181818181818181,0,0.0,Higher defensive activity
Silvan Widmer,ch Switzerland,1.9,0,0,1,4,DF,175,5,2.6315789473684212,0,0.0,Higher defensive activity
Kenny McLean,sct Scotland,1.3,1,0,2,1,MF,118,3,2.3076923076923075,1,0.7692307692307692,Higher defensive activity
Frenkie de Jong,nl Netherlands,3.6,0,0,8,7,MF,328,15,4.166666666666667,0,0.0,Higher defensive activity
Achraf Hakimi,ma Morocco,6.3,1,0,5,10,DF,570,15,2.380952380952381,1,0.15873015873015872,Higher defensive activity
Gonzalo Plata,ec Ecuador,4.0,1,0,2,5,FW,360,7,1.75,1,0.25,Higher defensive activity
Agustín Canobbio,uy Uruguay,2.5,0,1,2,3,FW,224,5,2.0,1,0.4,Higher defensive activity
Andrés Andrade Cedeño,pa Panama,3.0,1,0,3,3,DF,270,6,2.0,1,0.3333333333333333,Higher defensive activity
Kamaldeen Sulemana,gh Ghana,1.4,0,0,1,2,MFFW,127,3,2.142857142857143,0,0.0,Higher defensive activity
Teboho Mokoena,za South Africa,3.0,2,0,5,3,MF,270,8,2.6666666666666665,2,0.6666666666666666,Higher defensive activity
Kaishū Sano,jp Japan,3.0,1,0,4,2,MF,270,6,2.0,1,0.3333333333333333,Higher defensive activity
Daniel Svensson,se Sweden,1.1,0,0,1,2,DF,98,3,2.727272727272727,0,0.0,Higher defensive activity
Yukinari Sugawara,jp Japan,1.6,0,0,0,3,MF,148,3,1.875,0,0.0,Higher defensive activity
Willian Pacho,ec Ecuador,4.0,0,0,8,2,DF,360,10,2.5,0,0.0,Higher defensive activity
Karim Hafez,eg Egypt,1.9,0,0,3,1,DF,172,4,2.1052631578947367,0,0.0,Higher defensive activity
Nico Schlotterbeck,de Germany,1.5,0,0,3,2,DF,135,5,3.3333333333333335,0,0.0,Higher defensive activity
Tyler Adams,us USA,3.8,1,0,8,5,MF,341,13,3.4210526315789473,1,0.2631578947368421,Higher defensive activity
Deroy Duarte,cv Cabo Verde,2.9,0,0,6,5,MF,264,11,3.793103448275862,0,0.0,Higher defensive activity
Nabil Bentaleb,dz Algeria,3.2,0,0,3,4,MF,285,7,2.1875,0,0.0,Higher defensive activity
Tomáš Holeš,cz Czechia,1.7,0,0,4,3,DF,153,7,4.11764705882353,0,0.0,Higher defensive activity
Saleh Hardani,ir IR Iran,1.0,0,0,2,2,DF,90,4,4.0,0,0.0,Higher defensive activity
Ahmed Fatouh,eg Egypt,3.0,1,0,4,5,DF,267,9,3.0,1,0.3333333333333333,Higher defensive activity
João Félix,pt Portugal,2.2,0,0,3,4,MF,201,7,3.1818181818181817,0,0.0,Higher defensive activity
Manuel Ugarte,uy Uruguay,2.0,0,0,3,1,MF,184,4,2.0,0,0.0,Higher defensive activity
Yazan Al-Arab,jo Jordan,3.0,1,0,11,1,DF,270,12,4.0,1,0.3333333333333333,Higher defensive activity
Lucas Bergvall,se Sweden,2.0,1,0,2,2,MF,181,4,2.0,1,0.5,Higher defensive activity
Mohannad Abu Taha,jo Jordan,2.9,1,0,6,2,DF,264,8,2.7586206896551726,1,0.3448275862068966,Higher defensive activity
Deiver Machado,co Colombia,1.0,0,0,2,0,DF,90,2,2.0,0,0.0,Higher defensive activity
Willy Semedo,cv Cabo Verde,1.5,0,0,3,0,FW,131,3,2.0,0,0.0,Higher defensive activity
Darwin Núñez,uy Uruguay,1.7,0,0,2,1,FW,156,3,1.7647058823529411,0,0.0,Higher defensive activity
Mohamed Kanno,sa Saudi Arabia,2.5,1,0,2,4,MF,225,6,2.4,1,0.4,Higher defensive activity
Patrick Berg,no Norway,4.9,1,0,2,7,MF,445,9,1.8367346938775508,1,0.2040816326530612,Higher defensive activity
Josip Stanišić,hr Croatia,4.0,0,0,5,2,DFMF,360,7,1.75,0,0.0,Higher defensive activity
Pico,cv Cabo Verde,4.3,0,0,7,5,DF,390,12,2.7906976744186047,0,0.0,Higher defensive activity
Bekhruz Karimov,uz Uzbekistan,2.0,0,0,3,5,DF,179,8,4.0,0,0.0,Higher defensive activity
Pedro Porro,es Spain,6.3,0,0,8,11,DF,563,19,3.015873015873016,0,0.0,Higher defensive activity
Júnior Alonso,py Paraguay,4.3,1,0,4,9,DF,390,13,3.0232558139534884,1,0.23255813953488372,Higher defensive activity
Pape Gueye,sn Senegal,2.6,1,0,4,1,MF,234,5,1.923076923076923,1,0.3846153846153846,Higher defensive activity
Leandro Paredes,ar Argentina,5.3,2,0,5,6,MF,473,11,2.0754716981132075,2,0.37735849056603776,Higher defensive activity
Anass Salah-Eddine,ma Morocco,2.4,0,0,0,5,DF,212,5,2.0833333333333335,0,0.0,Higher defensive activity
Merchas Doski,iq Iraq,3.0,1,0,6,9,DF,270,15,5.0,1,0.3333333333333333,Higher defensive activity
Miles Robinson,us USA,1.0,0,0,1,1,DF,90,2,2.0,0,0.0,Higher defensive activity
İsmail Yüksek,tr Türkiye,1.5,0,0,2,5,MF,139,7,4.666666666666667,0,0.0,Higher defensive activity
Lee Tae-seok,kr Korea Republic,1.3,0,0,0,3,MF,113,3,2.3076923076923075,0,0.0,Higher defensive activity
Julian Ryerson,no Norway,2.5,0,0,0,8,DF,223,8,3.2,0,0.0,Higher defensive activity
Maxence Lacroix,fr France,2.7,0,0,3,2,DF,241,5,1.8518518518518516,0,0.0,Higher defensive activity
Mohammad Ghorbani,ir IR Iran,1.0,0,0,2,2,MF,90,4,4.0,0,0.0,Higher defensive activity
Aurélien Tchouaméni,fr France,4.0,1,0,6,14,MF,360,20,5.0,1,0.25,Higher defensive activity
Mateo Kovačić,hr Croatia,3.0,0,0,2,3,MF,270,5,1.6666666666666667,0,0.0,Lower defensive activity
Youri Tielemans,be Belgium,5.3,0,0,2,6,MF,474,8,1.509433962264151,0,0.0,Lower defensive activity
Raúl Jiménez,mx Mexico,3.5,0,0,0,1,FW,317,1,0.2857142857142857,0,0.0,Lower defensive activity
Mario Pašalić,hr Croatia,1.4,0,0,1,1,MF,123,2,1.4285714285714286,0,0.0,Lower defensive activity
David Alaba,at Austria,3.1,0,0,4,1,DF,275,5,1.6129032258064515,0,0.0,Lower defensive activity
Dodi Lukebakio,be Belgium,1.8,0,0,0,1,MF,164,1,0.5555555555555556,0,0.0,Lower defensive activity
Ehsan Hajsafi,ir IR Iran,1.0,1,0,1,0,DF,91,1,1.0,1,1.0,Lower defensive activity
David Douděra,cz Czechia,1.0,0,0,1,0,MF,90,1,1.0,0,0.0,Lower defensive activity
Johan Mojica,co Colombia,4.3,1,0,3,3,DF,390,6,1.3953488372093024,1,0.23255813953488372,Lower defensive activity
Ritsu Doan,jp Japan,3.1,0,0,1,1,MF,278,2,0.6451612903225806,0,0.0,Lower defensive activity
Anis Hadj Moussa,dz Algeria,1.1,0,0,1,0,MF,98,1,0.9090909090909091,0,0.0,Lower defensive activity
Nkosinathi Sibisi,za South Africa,1.0,1,0,1,0,DF,90,1,1.0,1,1.0,Lower defensive activity
James Rodríguez,co Colombia,3.5,0,0,1,1,FWMF,313,2,0.5714285714285714,0,0.0,Lower defensive activity
Soufiane Rahimi,ma Morocco,1.8,0,0,0,2,FW,163,2,1.1111111111111112,0,0.0,Lower defensive activity
Evidence Makgopa,za South Africa,2.4,0,0,1,1,FW,215,2,0.8333333333333334,0,0.0,Lower defensive activity
Ricardo Pepi,us USA,2.3,0,0,1,1,FW,204,2,0.8695652173913044,0,0.0,Lower defensive activity
Anthony Gordon,eng England,4.4,0,0,3,3,MF,396,6,1.3636363636363635,0,0.0,Lower defensive activity
Kenan Yıldız,tr Türkiye,2.4,0,0,1,2,MF,218,3,1.25,0,0.0,Lower defensive activity
Ibrahim Mbaye,sn Senegal,1.7,0,0,1,0,MF,157,1,0.5882352941176471,0,0.0,Lower defensive activity
Edmilson Junior,qa Qatar,2.3,0,0,0,1,MFFW,210,1,0.4347826086956522,0,0.0,Lower defensive activity
Nestory Irankunda,au Australia,2.9,0,0,1,0,FWMF,261,1,0.3448275862068966,0,0.0,Lower defensive activity
Chadi Riad,ma Morocco,3.8,0,0,4,1,DF,344,5,1.3157894736842106,0,0.0,Lower defensive activity
Salem Al-Dawsari,sa Saudi Arabia,2.7,1,0,1,1,MF,245,2,0.7407407407407407,1,0.37037037037037035,Lower defensive activity
Leandro Bacuna,cw Curaçao,3.0,1,0,0,3,MF,270,3,1.0,1,0.3333333333333333,Lower defensive activity
Jakhongir Urozov,uz Uzbekistan,1.1,0,0,1,0,DF,95,1,0.9090909090909091,0,0.0,Lower defensive activity
Luka Modrić,hr Croatia,3.5,1,0,0,3,MF,317,3,0.8571428571428571,1,0.2857142857142857,Lower defensive activity
Pavel Šulc,cz Czechia,2.1,0,0,0,2,FW,189,2,0.9523809523809523,0,0.0,Lower defensive activity
Virgil van Dijk,nl Netherlands,4.3,0,0,3,1,DF,390,4,0.9302325581395349,0,0.0,Lower defensive activity
Ayase Ueda,jp Japan,3.6,0,0,0,1,FW,321,1,0.2777777777777778,0,0.0,Lower defensive activity
Marcus Pedersen,no Norway,2.6,0,0,0,2,DF,236,2,0.7692307692307692,0,0.0,Lower defensive activity
Zidane Iqbal,iq Iraq,2.1,0,0,1,2,MF,188,3,1.4285714285714286,0,0.0,Lower defensive activity
Alexander Sørloth,no Norway,3.7,0,0,0,1,FW,337,1,0.27027027027027023,0,0.0,Lower defensive activity
Kerem Aktürkoğlu,tr Türkiye,1.4,0,0,0,1,FW,129,1,0.7142857142857143,0,0.0,Lower defensive activity
Ben Gannon-Doak,sct Scotland,2.1,0,0,0,1,MF,186,1,0.47619047619047616,0,0.0,Lower defensive activity
Michael Boxall,nz New Zealand,2.3,0,0,2,1,DF,207,3,1.3043478260869565,0,0.0,Lower defensive activity
Nicolas Jackson,sn Senegal,2.6,0,0,1,2,FW,234,3,1.1538461538461537,0,0.0,Lower defensive activity
Jacob Italiano,au Australia,1.8,1,0,1,2,DF,163,3,1.6666666666666665,1,0.5555555555555556,Lower defensive activity
Arda Güler,tr Türkiye,3.0,0,0,2,3,MF,270,5,1.6666666666666667,0,0.0,Lower defensive activity
Viktor Gyökeres,se Sweden,4.0,1,0,0,1,FW,360,1,0.25,1,0.25,Lower defensive activity
Paul Wanner,at Austria,2.6,0,0,2,1,MF,234,3,1.1538461538461537,0,0.0,Lower defensive activity
Álex Baena,es Spain,5.3,1,0,2,5,MFFW,481,7,1.3207547169811322,1,0.18867924528301888,Lower defensive activity
Firas Al-Buraikan,sa Saudi Arabia,2.6,1,0,1,0,FW,238,1,0.3846153846153846,1,0.3846153846153846,Lower defensive activity
Akram Afif,qa Qatar,2.6,0,0,0,1,FWMF,238,1,0.3846153846153846,0,0.0,Lower defensive activity
José Luis Rodríguez,pa Panama,2.6,0,0,0,3,MFFW,233,3,1.1538461538461537,0,0.0,Lower defensive activity
Zaid Tahseen,iq Iraq,1.7,1,0,0,1,DF,149,1,0.5882352941176471,1,0.5882352941176471,Lower defensive activity
Michael Olise,fr France,7.2,1,0,3,8,MF,646,11,1.5277777777777777,1,0.1388888888888889,Lower defensive activity
Ferdi Kadioglu,tr Türkiye,1.8,0,0,1,2,DF,159,3,1.6666666666666665,0,0.0,Lower defensive activity
Tajon Buchanan,ca Canada,4.2,0,0,1,5,MF,376,6,1.4285714285714286,0,0.0,Lower defensive activity
Axel Tuanzebe,cd Congo DR,4.0,0,0,1,2,DF,360,3,0.75,0,0.0,Lower defensive activity
David Raum,de Germany,1.2,0,0,1,1,DF,108,2,1.6666666666666667,0,0.0,Lower defensive activity
Daichi Kamada,jp Japan,3.7,1,0,1,3,MF,329,4,1.081081081081081,1,0.27027027027027023,Lower defensive activity
Declan Rice,eng England,6.2,2,0,5,3,MF,557,8,1.2903225806451613,2,0.3225806451612903,Lower defensive activity
Tomás Araújo,pt Portugal,1.0,1,0,1,0,DF,90,1,1.0,1,1.0,Lower defensive activity
Isak Hien,se Sweden,2.4,1,0,1,3,DF,216,4,1.6666666666666667,1,0.4166666666666667,Lower defensive activity
Marin Pongračić,hr Croatia,3.0,0,0,0,3,DF,270,3,1.0,0,0.0,Lower defensive activity
Marko Stamenic,nz New Zealand,3.0,1,0,4,1,MF,269,5,1.6666666666666667,1,0.3333333333333333,Lower defensive activity
Álvaro Fidalgo,mx Mexico,1.1,0,0,1,0,MF,96,1,0.9090909090909091,0,0.0,Lower defensive activity
Eldor Shomurodov,uz Uzbekistan,3.0,0,0,0,4,FW,269,4,1.3333333333333333,0,0.0,Lower defensive activity
Seol Young-woo,kr Korea Republic,2.8,0,0,1,0,MF,250,1,0.35714285714285715,0,0.0,Lower defensive activity
Hans Vanaken,be Belgium,3.5,0,0,1,1,MF,319,2,0.5714285714285714,0,0.0,Lower defensive activity
Sarpreet Singh,nz New Zealand,2.3,1,0,0,1,MF,209,1,0.4347826086956522,1,0.4347826086956522,Lower defensive activity
Ladislav Krejčí,cz Czechia,3.0,1,0,1,3,DF,270,4,1.3333333333333333,1,0.3333333333333333,Lower defensive activity
Jan Paul van Hecke,nl Netherlands,4.3,0,0,4,3,DF,390,7,1.627906976744186,0,0.0,Lower defensive activity
Vitinha,pt Portugal,4.2,0,0,2,0,MF,376,2,0.47619047619047616,0,0.0,Lower defensive activity
